project_id,project_name,original_contract_value,approved_co_value,adjusted_contract_value,total_budget,actual_labor_cost,actual_material_cost,total_actual_cost,total_billed,total_retention_held,pending_cos,realized_margin_pct
PRJ-2021-260,Nashville Mixed-Income Housing - Climate Control,2608000,0.0,2608000.0,1691700.0,3818653.370000017,1171922.17,4990575.540000017,2593200,3527810.0,0,-91.36
PRJ-2019-113,Kansas City Middle School - HVAC Systems,3319000,0.0,3319000.0,2308800.0,3936787.959999998,1445118.1799999997,5381906.139999998,3298500,4489150.0,0,-62.15
PRJ-2022-322,Kansas City Corporate Campus - HVAC Systems,4371000,0.0,4371000.0,3370600.0,3955480.1700000055,1978561.9299999992,5934042.100000005,4346700,5893210.0,0,-35.76
PRJ-2020-203,San Antonio High School - New Construction,4570000,0.0,4570000.0,3477100.0,4167158.1699999953,1948588.7399999998,6115746.909999995,4541500,7158630.0,0,-33.82
PRJ-2019-152,Phoenix Mixed-Use Tower - Mechanical,2246000,0.0,2246000.0,1747700.0,1821254.7700000338,967652.7100000001,2788907.480000034,2229100,2213540.0,0,-24.17
PRJ-2018-052,Richmond Mixed-Use Tower - Mechanical,3101000,0.0,3101000.0,3133800.0,2388616.2300000354,1453312.5599999996,3841928.790000035,3076200,3158660.0,0,-23.89
PRJ-2021-318,Boston Middle School - HVAC Systems,2373000,0.0,2373000.0,2280200.0,1889886.7900000366,1025452.9900000001,2915339.7800000366,2358100,2351170.0,0,-22.85
PRJ-2021-315,Baltimore Mixed-Income Housing - Climate Control,5465000,0.0,5465000.0,5686700.0,4299798.539999988,2268492.1999999997,6568290.739999987,5430000,8554860.0,0,-20.19
PRJ-2021-243,Columbus Middle School - HVAC Systems,3832000,0.0,3832000.0,4217200.0,2860111.870000021,1616426.0600000003,4476537.930000021,3804800,3889010.0,0,-16.82
PRJ-2022-325,Minneapolis Apartment Complex - MEP,4398000,0.0,4398000.0,4907800.0,3134152.2700000205,1958106.8300000005,5092259.100000021,4368700,5435780.0,0,-15.79
PRJ-2019-128,Kansas City High School - New Construction,3238000,0.0,3238000.0,3348800.0,2227059.330000049,1454993.81,3682053.140000049,3218200,4109010.0,0,-13.71
PRJ-2020-184,San Antonio Cloud Campus Phase 1 - Cooling,5820000,0.0,5820000.0,5539500.0,3956378.5500000087,2542634.77,6499013.320000009,5786200,7823650.0,0,-11.67
PRJ-2023-383,Pittsburgh High School - New Construction,3222000,0.0,3222000.0,3217600.0,2163944.2800000417,1365564.2700000007,3529508.5500000427,3199000,4077350.0,0,-9.54
PRJ-2019-154,Las Vegas Colocation Facility - HVAC,6455000,0.0,6455000.0,6841600.0,3843168.960000008,2997098.2300000004,6840267.190000009,6415400,8952380.0,0,-5.97
PRJ-2018-055,Oklahoma City Mixed-Income Housing - Climate Control,5485000,0.0,5485000.0,5210600.0,3387795.7100000135,2391621.7500000005,5779417.460000014,5449200,7104610.0,0,-5.37
PRJ-2021-283,Richmond High School - New Construction,3010000,0.0,3010000.0,2927600.0,1929809.3600000348,1240507.0600000005,3170316.4200000353,2989800,3167100.0,0,-5.33
PRJ-2019-143,Indianapolis Middle School - HVAC Systems,3114000,0.0,3114000.0,3449500.0,1822418.3800000339,1392629.6800000004,3215048.060000034,3091200,3076460.0,0,-3.24
PRJ-2021-269,Indianapolis Edge Data Center - Thermal Management,5968000,0.0,5968000.0,5580100.0,3508846.750000005,2629142.6,6137989.350000005,5930600,8146570.0,0,-2.85
PRJ-2019-153,Indianapolis Middle School - HVAC Systems,4947000,0.0,4947000.0,5328200.0,2888750.780000025,2179201.95,5067952.730000025,4912400,4995630.0,0,-2.44
PRJ-2019-103,Kansas City Middle School - HVAC Systems,5820000,0.0,5820000.0,6207900.0,3314560.3200000217,2563771.95,5878332.270000022,5777700,7503930.0,0,-1.0
PRJ-2018-050,Boston Senior Living - HVAC Upgrade,3613000,0.0,3613000.0,3606200.0,2095251.5700000445,1529546.66,3624798.230000044,3590700,3680230.0,0,-0.33
PRJ-2018-026,Las Vegas Surgery Center - Climate Control,5488000,0.0,5488000.0,5166900.0,2971507.950000028,2439333.6899999995,5410841.640000028,5453500,5574980.0,0,1.41
PRJ-2020-225,Salt Lake City Residential Tower - HVAC Systems,5017000,0.0,5017000.0,5158400.0,2740009.9100000267,2145317.7199999993,4885327.630000026,4981700,5253130.0,0,2.62
PRJ-2018-048,Boston Unified School District - HVAC Modernization,6077000,0.0,6077000.0,5762700.0,3011920.95000002,2870879.389999999,5882800.340000019,6036200,7689070.0,0,3.2
PRJ-2018-008,Louisville High School - New Construction,6212000,0.0,6212000.0,6449200.0,3400211.1900000186,2608971.52,6009182.710000019,6167600,8426920.0,0,3.26
PRJ-2020-185,Baltimore Apartment Complex - MEP,3792000,0.0,3792000.0,3925100.0,2055759.3300000427,1587146.709999999,3642906.040000042,3767700,3848180.0,0,3.93
PRJ-2020-205,Atlanta Apartment Complex - MEP,7258000,0.0,7258000.0,7596100.0,3862304.2500000056,3095056.8999999994,6957361.150000005,7214000,10095880.0,0,4.14
PRJ-2022-366,Columbus Hospital - Mechanical Systems Renovation,8337000,0.0,8337000.0,8010200.0,4147185.5700000054,3625453.43,7772639.000000006,8276800,13282480.0,0,6.77
PRJ-2022-372,Pittsburgh Business Center - MEP Systems,7056000,0.0,7056000.0,6620200.0,3354134.1300000143,3187487.0200000005,6541621.150000015,7009500,9141590.0,0,7.29
PRJ-2021-294,Pittsburgh Colocation Facility - HVAC,8748000,0.0,8748000.0,8185200.0,4377291.830000007,3731611.55,8108903.380000006,8699000,13769100.0,0,7.31
PRJ-2019-120,Albuquerque Senior Living - HVAC Upgrade,7611000,0.0,7611000.0,7958500.0,3602213.420000012,3421526.6900000004,7023740.110000012,7566200,10350050.0,0,7.72
PRJ-2018-045,Cincinnati Apartment Complex - MEP,4201000,0.0,4201000.0,4396500.0,1944594.3800000339,1907194.2099999993,3851788.5900000334,4172700,4411720.0,0,8.31
PRJ-2018-053,Las Vegas High School - New Construction,3488000,0.0,3488000.0,3497000.0,1739977.1100000266,1438476.6500000001,3178453.760000027,3464000,3576400.0,0,8.87
PRJ-2020-173,Boston Middle School - HVAC Systems,3384000,0.0,3384000.0,3409300.0,1611488.1100000213,1456838.97,3068327.0800000215,3359200,3254120.0,0,9.33
PRJ-2022-367,Houston Office Park - Core & Shell MEP,6499000,0.0,6499000.0,6362800.0,3123996.53000002,2725003.0499999993,5848999.580000019,6458700,8030920.0,0,10.0
PRJ-2020-174,Louisville Cloud Campus Phase 1 - Cooling,8026000,0.0,8026000.0,8590700.0,3444668.810000014,3777847.2100000004,7222516.020000014,7974800,10886130.0,0,10.01
PRJ-2020-163,Nashville High School - New Construction,7125000,0.0,7125000.0,7626700.0,3440685.1800000127,2929643.0700000003,6370328.250000013,7078600,9681580.0,0,10.59
PRJ-2022-348,Nashville High School - New Construction,3189000,0.0,3189000.0,3242900.0,1428580.6000000157,1405894.3699999994,2834474.970000015,3170500,2378840.0,0,11.12
PRJ-2019-132,San Antonio Corporate Campus - HVAC Systems,4919000,0.0,4919000.0,4983900.0,2076163.4800000458,2243858.46,4320021.940000046,4891200,5007060.0,0,12.18
PRJ-2019-118,Portland Unified School District - HVAC Modernization,4569000,0.0,4569000.0,4879600.0,2065276.5400000392,1945362.2300000002,4010638.7700000396,4536200,4098280.0,0,12.22
PRJ-2018-013,Indianapolis Unified School District - HVAC Modernization,4495000,0.0,4495000.0,4543000.0,2042211.8800000427,1874186.33,3916398.210000043,4468600,4558650.0,0,12.87
PRJ-2020-165,Salt Lake City Senior Living - HVAC Upgrade,8448000,0.0,8448000.0,8413800.0,3589232.94000001,3754974.6399999997,7344207.580000009,8392100,11190100.0,0,13.07
PRJ-2021-295,Sacramento Apartment Complex - MEP,8337000,0.0,8337000.0,8543400.0,3751148.750000008,3466935.1,7218083.850000008,8284000,11513000.0,0,13.42
PRJ-2022-343,Boston Middle School - HVAC Systems,4342000,0.0,4342000.0,4552200.0,1838012.1200000327,1906652.75,3744664.8700000327,4310000,4271400.0,0,13.76
PRJ-2020-180,Kansas City Senior Living - HVAC Upgrade,8550000,0.0,8550000.0,8740000.0,3467223.7500000093,3906046.139999999,7373269.890000008,8496900,11639380.0,0,13.76
PRJ-2018-049,San Antonio Data Center - Precision Cooling Systems,4707000,0.0,4707000.0,4775900.0,1944894.3700000364,2084057.5999999996,4028951.970000036,4672100,4938330.0,0,14.41
PRJ-2023-399,Louisville Edge Data Center - Thermal Management,8502000,0.0,8502000.0,8195400.0,3622001.9000000013,3629731.1799999997,7251733.080000001,8451900,11294250.0,0,14.71
PRJ-2022-374,Houston Colocation Facility - HVAC,5458000,0.0,5458000.0,5195300.0,2399480.8700000304,2237355.3800000004,4636836.250000031,5423500,5589620.0,0,15.05
PRJ-2020-213,Richmond Middle School - HVAC Systems,3162000,0.0,3162000.0,3427800.0,1325100.3000000082,1351083.7899999996,2676184.090000008,3140400,2468460.0,0,15.36
PRJ-2020-172,Boston Business Center - MEP Systems,4940000,0.0,4940000.0,5280800.0,2090659.2500000447,2046771.67,4137430.9200000446,4908700,5033060.0,0,16.25
PRJ-2022-350,San Antonio Senior Living - HVAC Upgrade,8036000,0.0,8036000.0,7265500.0,3417416.2900000075,3310626.440000001,6728042.730000008,7978100,10353310.0,0,16.28
PRJ-2019-122,Denver Office Park - Core & Shell MEP,3259000,0.0,3259000.0,3483600.0,1269708.7700000065,1458037.48,2727746.2500000065,3235900,2547390.0,0,16.3
PRJ-2020-197,Chicago Corporate Campus - HVAC Systems,2640000,0.0,2640000.0,2668300.0,1185972.4800000004,1013162.3699999999,2199134.8500000006,2619700,1893840.0,0,16.7
PRJ-2021-268,Raleigh Unified School District - HVAC Modernization,2795000,0.0,2795000.0,2660900.0,1152328.1,1150377.0300000007,2302705.130000001,2773700,2000770.0,0,17.61
PRJ-2020-233,Kansas City Middle School - HVAC Systems,4218000,0.0,4218000.0,4193700.0,1605895.5900000199,1830880.86,3436776.4500000197,4188800,4035180.0,0,18.52
PRJ-2021-246,San Antonio Hospital - Mechanical Systems Renovation,9501000,0.0,9501000.0,9789600.0,3521520.3800000153,4182969.83,7704490.210000016,9436700,12874000.0,0,18.91
PRJ-2022-326,Kansas City Hospital - Mechanical Systems Renovation,4754000,0.0,4754000.0,5009900.0,1908264.8400000373,1942745.1799999997,3851010.020000037,4719400,4979740.0,0,18.99
PRJ-2021-305,Albuquerque Senior Living - HVAC Upgrade,7776000,0.0,7776000.0,7806400.0,3007357.2100000237,3288110.629999999,6295467.840000022,7723100,9860500.0,0,19.04
PRJ-2021-303,Nashville Unified School District - HVAC Modernization,9518000,0.0,9518000.0,9298600.0,3623177.58000001,4010053.4699999993,7633231.050000009,9455400,12575840.0,0,19.8
PRJ-2019-090,Tampa Senior Living - HVAC Upgrade,3276000,0.0,3276000.0,3153000.0,1183748.5800000015,1439599.8099999998,2623348.3900000015,3250800,2340110.0,0,19.92
PRJ-2018-078,Baltimore High School - New Construction,8156000,0.0,8156000.0,7731900.0,2666462.140000037,3762652.6999999997,6429114.840000037,8107100,8577470.0,0,21.17
PRJ-2019-110,Las Vegas Senior Living - HVAC Upgrade,3872000,0.0,3872000.0,3743600.0,1204162.2700000014,1845981.5799999991,3050143.8500000006,3847000,2779610.0,0,21.23
PRJ-2019-157,Portland Office Park - Core & Shell MEP,6804000,0.0,6804000.0,6575100.0,2253919.740000037,3072253.8600000003,5326173.600000037,6756100,6556590.0,0,21.72
PRJ-2018-039,Albuquerque Data Center - Precision Cooling Systems,5379000,0.0,5379000.0,5408100.0,1860961.620000033,2315900.1199999996,4176861.740000033,5339800,5305070.0,0,22.35
PRJ-2018-043,Salt Lake City High School - New Construction,7392000,0.0,7392000.0,7633700.0,2577753.68000003,3149499.51,5727253.190000029,7344700,7340240.0,0,22.52
PRJ-2019-095,Phoenix Senior Living - HVAC Upgrade,11001000,0.0,11001000.0,10776100.0,3800106.250000006,4720070.540000001,8520176.790000007,10928800,15175370.0,0,22.55
PRJ-2018-018,Las Vegas Unified School District - HVAC Modernization,9820000,0.0,9820000.0,10540000.0,3007124.1500000227,4582607.300000001,7589731.4500000235,9759400,12487700.0,0,22.71
PRJ-2023-388,Tampa High School - New Construction,11540000,0.0,11540000.0,12769700.0,3423560.5700000217,5420678.840000001,8844239.410000023,11460200,15590660.0,0,23.36
PRJ-2018-075,Indianapolis Senior Living - HVAC Upgrade,11890000,0.0,11890000.0,11384800.0,3829494.4899999965,5273609.120000002,9103103.61,11823600,16583740.0,0,23.44
PRJ-2019-145,Oklahoma City Mixed-Income Housing - Climate Control,4355000,0.0,4355000.0,4028200.0,1395032.4500000114,1927894.8800000001,3322927.3300000113,4328500,3220850.0,0,23.7
PRJ-2022-324,Houston Colocation Facility - HVAC,5373000,0.0,5373000.0,5678900.0,1688642.2800000238,2406024.639999999,4094666.920000023,5333500,5491970.0,0,23.79
PRJ-2024-003,Greenfield Elementary School - New Construction,5544000,0.0,5544000.0,3670700.0,1954577.9900000226,2268510.1100000003,4223088.100000023,5500700,4971810.0,0,23.83
PRJ-2020-188,Kansas City Unified School District - HVAC Modernization,7817000,0.0,7817000.0,8303500.0,2671238.6600000304,3281030.02,5952268.68000003,7764300,8197690.0,0,23.85
PRJ-2020-240,Atlanta Residential Tower - HVAC Systems,8580000,0.0,8580000.0,8700200.0,2772306.290000026,3737638.19,6509944.4800000265,8519500,9000360.0,0,24.13
PRJ-2023-387,Sacramento Office Park - Core & Shell MEP,6827000,0.0,6827000.0,6511900.0,2272580.0400000373,2885646.640000001,5158226.680000039,6779700,6570590.0,0,24.44
PRJ-2021-273,Portland High School - New Construction,3323000,0.0,3323000.0,3492900.0,1091479.6599999995,1406731.1799999995,2498210.839999999,3295300,2170880.0,0,24.82
PRJ-2019-130,Columbus Senior Living - HVAC Upgrade,7207000,0.0,7207000.0,7069900.0,2129806.9800000372,3263757.3700000006,5393564.350000038,7148700,6474870.0,0,25.16
PRJ-2020-182,Houston Office Park - Core & Shell MEP,7358000,0.0,7358000.0,7271300.0,1949011.4300000356,3556805.969999999,5505817.400000034,7311300,7744740.0,0,25.17
PRJ-2018-020,Chicago Mixed-Income Housing - Climate Control,8195000,0.0,8195000.0,8370800.0,2198480.9900000426,3930355.139999999,6128836.130000042,8134400,10375660.0,0,25.21
PRJ-2021-292,Chicago Corporate Campus - HVAC Systems,13023000,0.0,13023000.0,14189600.0,3690607.010000018,6024773.350000001,9715380.360000018,12949400,18165400.0,0,25.4
PRJ-2021-308,Phoenix Middle School - HVAC Systems,11781000,0.0,11781000.0,12072400.0,3729091.7800000035,5043033.640000001,8772125.420000004,11706700,16260650.0,0,25.54
PRJ-2020-222,Oklahoma City Corporate Campus - HVAC Systems,10170000,0.0,10170000.0,9500300.0,3459640.750000014,4112716.96,7572357.710000014,10103800,13816740.0,0,25.54
PRJ-2022-375,Pittsburgh Mixed-Income Housing - Climate Control,11214000,0.0,11214000.0,10911100.0,3476017.7400000133,4872325.489999999,8348343.230000013,11148900,15174390.0,0,25.55
PRJ-2022-338,Salt Lake City Middle School - HVAC Systems,6503000,0.0,6503000.0,6876000.0,1962982.470000038,2859434.9299999997,4822417.400000038,6459200,6877610.0,0,25.84
PRJ-2018-077,Minneapolis Mixed-Use Tower - Mechanical,4898000,0.0,4898000.0,4742900.0,1402907.810000014,2209171.5899999994,3612079.4000000134,4867200,3630290.0,0,26.25
PRJ-2021-304,Tampa Edge Data Center - Thermal Management,4796000,0.0,4796000.0,4630100.0,1430876.5200000124,2103463.4399999995,3534339.960000012,4767300,3582770.0,0,26.31
PRJ-2018-051,San Antonio Regional Medical Center - HVAC Upgrade,6433000,0.0,6433000.0,5977100.0,2076174.7200000458,2634052.3000000003,4710227.020000046,6390400,6499010.0,0,26.78
PRJ-2019-140,Boston Senior Living - HVAC Upgrade,11399000,0.0,11399000.0,12188000.0,3130315.0600000266,5199041.28,8329356.340000027,11317400,15120440.0,0,26.93
PRJ-2019-138,Albuquerque Elementary Campus - Climate Systems,12417000,0.0,12417000.0,13262700.0,3612764.9900000095,5445355.939999998,9058120.930000007,12335900,16441000.0,0,27.05
PRJ-2019-084,Sacramento Data Center - Precision Cooling Systems,7196000,0.0,7196000.0,6984800.0,2278171.9700000295,2962420.1300000004,5240592.100000029,7147700,6922890.0,0,27.17
PRJ-2023-390,Louisville Apartment Complex - MEP,9884000,0.0,9884000.0,10486900.0,3051256.2300000233,4140333.099999999,7191589.330000022,9814800,12536900.0,0,27.24
PRJ-2018-023,Richmond High School - New Construction,8862000,0.0,8862000.0,9158800.0,2175563.1700000446,4251639.470000001,6427202.640000045,8806000,11271210.0,0,27.47
PRJ-2019-108,Richmond Elementary Campus - Climate Systems,10813000,0.0,10813000.0,10558400.0,3243597.840000022,4560810.719999999,7804408.560000021,10742000,13313110.0,0,27.82
PRJ-2023-393,Las Vegas High School - New Construction,5279000,0.0,5279000.0,5085100.0,1710774.500000024,2096879.4899999993,3807653.9900000235,5239900,5419440.0,0,27.87
PRJ-2022-370,Richmond Mixed-Income Housing - Climate Control,3301000,0.0,3301000.0,3506600.0,1055798.0599999959,1324926.1499999992,2380724.2099999953,3274200,2172630.0,0,27.88
PRJ-2018-074,Chicago Edge Data Center - Thermal Management,4055000,0.0,4055000.0,4201400.0,1170156.9800000007,1749149.5900000003,2919306.570000001,4025000,2905330.0,0,28.01
PRJ-2020-183,Kansas City Elementary Campus - Climate Systems,14144000,0.0,14144000.0,14853100.0,4328496.679999999,5839290.720000001,10167787.399999999,14052900,22149300.0,0,28.11
PRJ-2019-155,Cincinnati Mixed-Income Housing - Climate Control,7959000,0.0,7959000.0,8726300.0,2156938.790000045,3548102.4700000007,5705041.260000046,7902700,10124400.0,0,28.32
PRJ-2021-265,Salt Lake City Senior Living - HVAC Upgrade,5721000,0.0,5721000.0,5634300.0,1736720.9500000265,2362306.9699999993,4099027.920000026,5679300,5845880.0,0,28.35
PRJ-2022-358,Denver High School - New Construction,6596000,0.0,6596000.0,6631400.0,1946006.5900000148,2771980.2100000014,4717986.800000016,6555600,6934830.0,0,28.47
PRJ-2021-267,Raleigh Corporate Campus - HVAC Systems,11491000,0.0,11491000.0,11279300.0,3506680.8400000185,4710448.989999999,8217129.830000018,11418900,15628680.0,0,28.49
PRJ-2019-088,Oklahoma City Elementary Campus - Climate Systems,9124000,0.0,9124000.0,9769100.0,2230029.0500000403,4255496.78,6485525.830000041,9056500,8767950.0,0,28.92
PRJ-2020-217,Boston Corporate Campus - HVAC Systems,4321000,0.0,4321000.0,4415100.0,1288425.0800000064,1779814.43,3068239.5100000063,4290100,3357970.0,0,28.99
PRJ-2023-391,Pittsburgh Regional Medical Center - HVAC Upgrade,9340000,0.0,9340000.0,9896700.0,2413343.5000000317,4197866.900000001,6611210.400000033,9276800,9534180.0,0,29.22
PRJ-2021-285,Atlanta Mixed-Income Housing - Climate Control,6250000,0.0,6250000.0,6017800.0,1727268.200000029,2684070.7300000004,4411338.9300000295,6207100,6409370.0,0,29.42
PRJ-2019-158,Denver High School - New Construction,5838000,0.0,5838000.0,5442000.0,1658562.8200000224,2441666.7800000003,4100229.600000023,5800100,5608950.0,0,29.77
PRJ-2020-207,Salt Lake City Office Park - Core & Shell MEP,3989000,0.0,3989000.0,4088200.0,1076098.0899999968,1721081.43,2797179.5199999968,3955900,2598550.0,0,29.88
PRJ-2021-272,Denver Business Center - MEP Systems,3248000,0.0,3248000.0,3139600.0,851626.1699999975,1425695.4200000002,2277321.5899999975,3216700,1724680.0,0,29.89
PRJ-2021-319,Nashville Colocation Facility - HVAC,8085000,0.0,8085000.0,8415000.0,2274941.6100000115,3391188.5199999996,5666130.130000011,8035000,7789890.0,0,29.92
PRJ-2020-218,Portland Middle School - HVAC Systems,10797000,0.0,10797000.0,10289800.0,2968312.1600000197,4572991.6899999995,7541303.850000019,10723000,13665280.0,0,30.15
PRJ-2018-012,Pittsburgh Business Center - MEP Systems,9048000,0.0,9048000.0,8957800.0,1772692.3000000292,4523072.72,6295765.020000029,8981600,9275600.0,0,30.42
PRJ-2019-098,Baltimore Unified School District - HVAC Modernization,6621000,0.0,6621000.0,7231900.0,1896600.5200000354,2709900.13,4606500.650000036,6575400,6942180.0,0,30.43
PRJ-2019-134,Minneapolis Cloud Campus Phase 1 - Cooling,5471000,0.0,5471000.0,5803300.0,1425065.5900000155,2381078.87,3806144.460000016,5435400,4073150.0,0,30.43
PRJ-2019-148,Las Vegas Middle School - HVAC Systems,7547000,0.0,7547000.0,7582400.0,1818597.2900000364,3411408.559999999,5230005.850000035,7496600,7451920.0,0,30.7
PRJ-2020-164,Richmond Cloud Campus Phase 1 - Cooling,7029000,0.0,7029000.0,7147200.0,1755751.3000000292,3103772.5699999994,4859523.870000029,6974300,7151160.0,0,30.86
PRJ-2018-044,Oklahoma City Cloud Campus Phase 1 - Cooling,7204000,0.0,7204000.0,7273500.0,1649721.9400000207,3328204.9300000016,4977926.870000022,7155400,6921630.0,0,30.9
PRJ-2021-293,Kansas City Elementary Campus - Climate Systems,8829000,0.0,8829000.0,8847200.0,2221879.780000042,3862565.8699999996,6084445.650000041,8773800,11202750.0,0,31.09
PRJ-2021-284,Richmond Cloud Campus Phase 1 - Cooling,6507000,0.0,6507000.0,6045000.0,1600905.6000000208,2876719.49,4477625.090000021,6462000,6261060.0,0,31.19
PRJ-2018-068,Tampa Unified School District - HVAC Modernization,8544000,0.0,8544000.0,9076600.0,2376305.880000036,3498701.94,5875007.820000036,8484600,8741720.0,0,31.24
PRJ-2022-360,Denver Senior Living - HVAC Upgrade,8177000,0.0,8177000.0,8278000.0,2135462.820000048,3466794.000000001,5602256.820000049,8119500,10368580.0,0,31.49
PRJ-2019-144,Richmond Data Center - Precision Cooling Systems,8799000,0.0,8799000.0,8324800.0,2407015.28000003,3611701.1999999993,6018716.480000029,8733100,9001780.0,0,31.6
PRJ-2018-027,Albuquerque Mixed-Use Tower - Mechanical,14573000,0.0,14573000.0,13439400.0,3600917.80000002,6337538.360000001,9938456.16000002,14485200,19335480.0,0,31.8
PRJ-2018-064,Minneapolis Cloud Campus Phase 1 - Cooling,12004000,0.0,12004000.0,12083300.0,2763862.81000002,5420111.14,8183973.95000002,11924700,12653300.0,0,31.82
PRJ-2018-034,Boston Colocation Facility - HVAC,18213000,0.0,18213000.0,17084900.0,4147761.5100000454,8259422.620000001,12407184.130000047,18102300,29206510.0,0,31.88
PRJ-2019-085,Louisville Residential Tower - HVAC Systems,6578000,0.0,6578000.0,6499600.0,1719775.0000000258,2759777.36,4479552.3600000255,6529700,6746740.0,0,31.9
PRJ-2019-111,Louisville Surgery Center - Climate Control,10721000,0.0,10721000.0,11437000.0,2087744.1200000492,5195564.42,7283308.540000049,10652700,10867900.0,0,32.07
PRJ-2019-083,Cincinnati Elementary Campus - Climate Systems,8483000,0.0,8483000.0,9167400.0,2106700.600000049,3654796.7499999995,5761497.350000048,8426800,8567720.0,0,32.08
PRJ-2021-288,Indianapolis Unified School District - HVAC Modernization,9948000,0.0,9948000.0,10984200.0,2040894.9100000423,4702689.230000001,6743584.140000043,9884500,10089030.0,0,32.21
PRJ-2020-193,Boston Middle School - HVAC Systems,14923000,0.0,14923000.0,13744000.0,4066490.4900000077,6035604.590000001,10102095.08000001,14828400,23910100.0,0,32.31
PRJ-2022-353,Atlanta Elementary Campus - Climate Systems,6748000,0.0,6748000.0,7255300.0,1720890.5200000254,2830650.8200000003,4551541.340000026,6704800,6918800.0,0,32.55
PRJ-2023-398,Denver Middle School - HVAC Systems,7209000,0.0,7209000.0,6734900.0,1824668.0400000385,3014917.4099999997,4839585.450000038,7156000,7096220.0,0,32.87
PRJ-2018-029,Kansas City Colocation Facility - HVAC,9526000,0.0,9526000.0,9494800.0,1956345.310000044,4435357.47,6391702.780000044,9464600,10058690.0,0,32.9
PRJ-2020-232,Minneapolis Corporate Campus - HVAC Systems,7301000,0.0,7301000.0,7185100.0,1955325.9300000358,2931561.36,4886887.290000035,7252600,7687450.0,0,33.07
PRJ-2020-200,Boston Senior Living - HVAC Upgrade,4488000,0.0,4488000.0,4809300.0,1189294.6600000006,1812070.17,3001364.8300000005,4456400,3213450.0,0,33.12
PRJ-2021-254,Baltimore Edge Data Center - Thermal Management,7049000,0.0,7049000.0,7059100.0,1743117.7300000282,2970412.47,4713530.200000028,6997700,7196130.0,0,33.13
PRJ-2020-231,Houston Medical Campus - New HVAC Installation,11391000,0.0,11391000.0,11096200.0,2734648.8000000278,4862181.070000001,7596829.870000029,11314300,11970170.0,0,33.31
PRJ-2020-208,Louisville High School - New Construction,13209000,0.0,13209000.0,14157300.0,3071347.760000024,5726314.51,8797662.270000024,13113600,16691810.0,0,33.4
PRJ-2019-160,Cincinnati Apartment Complex - MEP,6817000,0.0,6817000.0,6333900.0,1692756.6000000308,2839337.920000001,4532094.520000031,6770600,6983500.0,0,33.52
PRJ-2021-279,Baltimore Data Center - Precision Cooling Systems,6492000,0.0,6492000.0,6432400.0,1757119.5100000298,2554435.35,4311554.86000003,6441500,6623850.0,0,33.59
PRJ-2019-125,Boston Mixed-Income Housing - Climate Control,14385000,0.0,14385000.0,14917100.0,3609036.790000005,5908967.919999998,9518004.710000003,14284500,18967190.0,0,33.83
PRJ-2020-220,Portland Apartment Complex - MEP,16642000,0.0,16642000.0,17077000.0,3104637.3900000216,7896880.180000001,11001517.570000023,16531800,22137180.0,0,33.89
PRJ-2021-264,Boston Edge Data Center - Thermal Management,19784000,0.0,19784000.0,21265000.0,4034718.570000006,9042066.219999999,13076784.790000005,19658000,31686330.0,0,33.9
PRJ-2018-006,Kansas City Hospital - Mechanical Systems Renovation,10039000,0.0,10039000.0,9995100.0,1934885.9200000388,4690590.9399999995,6625476.8600000385,9972100,10544970.0,0,34.0
PRJ-2021-314,Tampa Data Center - Precision Cooling Systems,6447000,0.0,6447000.0,6910400.0,1537219.190000019,2703881.34,4241100.530000019,6395800,5764410.0,0,34.22
PRJ-2018-019,Oklahoma City Edge Data Center - Thermal Management,19967000,0.0,19967000.0,19919900.0,4179415.619999992,8951036.47,13130452.089999992,19843200,31304890.0,0,34.24
PRJ-2020-228,Oklahoma City Unified School District - HVAC Modernization,8395000,0.0,8395000.0,8378900.0,1748322.9200000286,3757464.2400000016,5505787.16000003,8334900,8546490.0,0,34.42
PRJ-2018-054,Denver Edge Data Center - Thermal Management,19488000,0.0,19488000.0,18017500.0,4085550.6800000076,8669392.5,12754943.180000007,19355600,31261680.0,0,34.55
PRJ-2021-270,Richmond Apartment Complex - MEP,10208000,0.0,10208000.0,10962100.0,2203428.7400000384,4460764.18,6664192.920000038,10145500,12971790.0,0,34.72
PRJ-2022-363,Salt Lake City Middle School - HVAC Systems,5770000,0.0,5770000.0,5782300.0,1194702.1500000027,2571354.26,3766056.4100000025,5727300,4136900.0,0,34.73
PRJ-2022-339,Pittsburgh Colocation Facility - HVAC,19158000,0.0,19158000.0,19692300.0,4172678.2599999974,8309729.96,12482408.219999997,19049700,30185690.0,0,34.84
PRJ-2018-063,Cincinnati High School - New Construction,5612000,0.0,5612000.0,5931500.0,1340459.210000011,2310454.7499999995,3650913.96000001,5571400,4375360.0,0,34.94
PRJ-2018-057,Sacramento Office Park - Core & Shell MEP,14417000,0.0,14417000.0,14343200.0,2158716.800000041,7181530.920000001,9340247.720000042,14319700,18282510.0,0,35.21
PRJ-2021-253,Oklahoma City Elementary Campus - Climate Systems,15036000,0.0,15036000.0,15161700.0,3625012.9200000046,6093403.569999999,9718416.490000004,14939900,19927040.0,0,35.37
PRJ-2022-330,Boston Mixed-Income Housing - Climate Control,3812000,0.0,3812000.0,3692900.0,832266.0199999973,1623237.2499999998,2455503.269999997,3776600,2013930.0,0,35.58
PRJ-2019-123,Oklahoma City High School - New Construction,9763000,0.0,9763000.0,9541900.0,1735927.1800000246,4541916.159999998,6277843.340000023,9694800,9996640.0,0,35.7
PRJ-2021-278,Boston Middle School - HVAC Systems,7335000,0.0,7335000.0,7908000.0,1618392.390000024,3089566.8599999994,4707959.250000023,7285100,7051260.0,0,35.82
PRJ-2018-025,Portland Senior Living - HVAC Upgrade,19887000,0.0,19887000.0,21068800.0,4094488.869999996,8655795.14,12750284.009999996,19762000,31911890.0,0,35.89
PRJ-2021-242,Sacramento Office Park - Core & Shell MEP,12997000,0.0,12997000.0,13300200.0,2427093.700000033,5884337.86,8311431.560000033,12910200,13307600.0,0,36.05
PRJ-2021-258,Portland Unified School District - HVAC Modernization,6385000,0.0,6385000.0,6168100.0,1291126.0900000054,2785635.31,4076761.4000000055,6342300,4353800.0,0,36.15
PRJ-2018-062,Chicago Business Center - MEP Systems,18069000,0.0,18069000.0,18064500.0,3191983.7300000177,8301273.450000002,11493257.18000002,17951800,24147780.0,0,36.39
PRJ-2023-395,Tampa Senior Living - HVAC Upgrade,3591000,0.0,3591000.0,3835900.0,622517.1899999988,1647743.49,2270260.679999999,3562900,1473150.0,0,36.78
PRJ-2021-317,Salt Lake City Corporate Campus - HVAC Systems,3616000,0.0,3616000.0,3867700.0,736275.0499999998,1543895.1600000001,2280170.21,3582200,1693570.0,0,36.94
PRJ-2021-313,Louisville Middle School - HVAC Systems,5695000,0.0,5695000.0,5635000.0,1087593.279999996,2495903.7299999995,3583497.0099999956,5645900,3712190.0,0,37.08
PRJ-2021-289,Pittsburgh Data Center - Precision Cooling Systems,18201000,0.0,18201000.0,17071900.0,4001154.469999995,7388345.510000003,11389499.979999997,18095100,24621260.0,0,37.42
PRJ-2021-309,Portland Colocation Facility - HVAC,22317000,0.0,22317000.0,24307000.0,3936480.210000008,9966718.74,13903198.950000009,22186200,30129550.0,0,37.7
PRJ-2019-100,Richmond Mixed-Income Housing - Climate Control,5785000,0.0,5785000.0,5809200.0,1195071.060000002,2407895.520000001,3602966.580000003,5740000,4136130.0,0,37.72
PRJ-2021-299,Boston Colocation Facility - HVAC,8616000,0.0,8616000.0,9611800.0,1813333.800000029,3544362.96,5357696.760000029,8553300,8537370.0,0,37.82
PRJ-2020-235,Oklahoma City Senior Living - HVAC Upgrade,17688000,0.0,17688000.0,18395500.0,3233748.860000026,7763926.939999999,10997675.800000025,17568500,22831450.0,0,37.82
PRJ-2020-190,Oklahoma City Residential Tower - HVAC Systems,6390000,0.0,6390000.0,6056100.0,1314936.7600000084,2648271.17,3963207.930000008,6342200,4345430.0,0,37.98
PRJ-2023-385,Houston Senior Living - HVAC Upgrade,11398000,0.0,11398000.0,12526400.0,2149642.3800000474,4918183.72,7067826.100000047,11325900,14479210.0,0,37.99
PRJ-2021-280,Denver Apartment Complex - MEP,17061000,0.0,17061000.0,15770600.0,3555981.6500000423,6999570.029999999,10555551.68000004,16958100,22583510.0,0,38.13
PRJ-2019-124,Sacramento Colocation Facility - HVAC,6722000,0.0,6722000.0,7318100.0,1296665.8200000087,2857437.3499999996,4154103.1700000083,6667500,5217700.0,0,38.2
PRJ-2022-379,Pittsburgh Data Center - Precision Cooling Systems,11816000,0.0,11816000.0,11430200.0,2318254.540000038,4968529.909999998,7286784.4500000365,11724700,11307110.0,0,38.33
PRJ-2019-097,Cincinnati Mixed-Use Tower - Mechanical,8337000,0.0,8337000.0,8422900.0,1403924.2000000114,3730037.45,5133961.650000012,8287400,6221860.0,0,38.42
PRJ-2018-046,Albuquerque Medical Campus - New HVAC Installation,6747000,0.0,6747000.0,6324600.0,1150398.1700000002,3001731.5100000007,4152129.6800000006,6695800,4850500.0,0,38.46
PRJ-2022-352,Kansas City Business Center - MEP Systems,17595000,0.0,17595000.0,16900700.0,3334076.5900000157,7473908.819999998,10807985.410000015,17479000,22882010.0,0,38.57
PRJ-2022-332,Louisville Mixed-Use Tower - Mechanical,11220000,0.0,11220000.0,11406000.0,2212364.120000043,4678206.069999999,6890570.190000042,11145100,14240840.0,0,38.59
PRJ-2022-334,Raleigh Edge Data Center - Thermal Management,16918000,0.0,16918000.0,16236200.0,3162180.030000023,7217671.32,10379851.350000024,16808500,22443880.0,0,38.65
PRJ-2021-250,Sacramento Senior Living - HVAC Upgrade,13401000,0.0,13401000.0,14536200.0,2419486.5600000406,5781015.740000001,8200502.300000042,13304500,13690430.0,0,38.81
PRJ-2020-230,Atlanta Residential Tower - HVAC Systems,6912000,0.0,6912000.0,7411300.0,1220790.7000000041,3004351.42,4225142.120000004,6856000,4941890.0,0,38.87
PRJ-2021-301,Richmond Regional Medical Center - HVAC Upgrade,10245000,0.0,10245000.0,9899200.0,1729635.7700000254,4531491.000000001,6261126.770000027,10173000,10489940.0,0,38.89
PRJ-2019-089,Tampa Cloud Campus Phase 1 - Cooling,12969000,0.0,12969000.0,11620000.0,2288503.7200000356,5606699.52,7895203.240000036,12876000,12475950.0,0,39.12
PRJ-2023-382,Baltimore Corporate Campus - HVAC Systems,10081000,0.0,10081000.0,10814900.0,1696514.1300000253,4439140.33,6135654.460000025,10014000,10282720.0,0,39.14
PRJ-2019-112,Atlanta Mixed-Use Tower - Mechanical,10030000,0.0,10030000.0,10027100.0,1303750.9400000079,4797836.35,6101587.2900000075,9951700,7793640.0,0,39.17
PRJ-2021-320,Raleigh Apartment Complex - MEP,22790000,0.0,22790000.0,23871200.0,4209955.080000001,9638282.33,13848237.41,22654700,35812350.0,0,39.24
PRJ-2019-139,Sacramento Colocation Facility - HVAC,7332000,0.0,7332000.0,7109300.0,1334079.010000008,3118915.870000001,4452994.880000009,7279100,5686630.0,0,39.27
PRJ-2018-030,Portland Mixed-Income Housing - Climate Control,15609000,0.0,15609000.0,16948800.0,2473614.7000000305,6997171.75,9470786.45000003,15491200,15878080.0,0,39.32
PRJ-2021-245,Phoenix Residential Tower - HVAC Systems,9375000,0.0,9375000.0,10590200.0,1176216.750000002,4494076.67,5670293.420000002,9302500,6695150.0,0,39.52
PRJ-2021-248,San Antonio Elementary Campus - Climate Systems,10337000,0.0,10337000.0,10235500.0,1448029.0900000134,4782079.459999999,6230108.550000012,10275000,7701920.0,0,39.73
PRJ-2020-167,Minneapolis Mixed-Use Tower - Mechanical,10960000,0.0,10960000.0,10726600.0,1755733.390000031,4827610.65,6583344.040000032,10884400,11201330.0,0,39.93
PRJ-2020-195,San Antonio Senior Living - HVAC Upgrade,16764000,0.0,16764000.0,16988600.0,2729084.9600000265,7320217.37,10049302.330000026,16644800,17584370.0,0,40.05
PRJ-2022-328,Richmond High School - New Construction,15085000,0.0,15085000.0,16640100.0,2267776.490000034,6775763.980000001,9043540.470000036,14984700,14598890.0,0,40.05
PRJ-2019-087,Atlanta Mixed-Use Tower - Mechanical,23848000,0.0,23848000.0,23695400.0,4076098.579999994,10204134.370000005,14280232.95,23679700,37928360.0,0,40.12
PRJ-2024-005,Harbor View Condominiums - 3 Buildings,13650000,0.0,13650000.0,14419400.0,2234032.230000044,5911530.97,8145563.200000044,13556100,17292460.0,0,40.33
PRJ-2020-221,Kansas City Regional Medical Center - HVAC Upgrade,13847000,0.0,13847000.0,13564700.0,2900876.690000025,5352956.010000001,8253832.700000025,13753700,14053530.0,0,40.39
PRJ-2021-257,San Antonio Office Park - Core & Shell MEP,22625000,0.0,22625000.0,23296600.0,3764653.83000001,9714537.159999998,13479190.990000008,22476900,31344090.0,0,40.42
PRJ-2022-323,Indianapolis Unified School District - HVAC Modernization,6565000,0.0,6565000.0,6463100.0,1092075.2499999967,2810765.4699999997,3902840.7199999965,6518400,4318850.0,0,40.55
PRJ-2021-298,San Antonio High School - New Construction,11208000,0.0,11208000.0,11432200.0,1956637.5100000382,4690931.44,6647568.950000038,11138700,11793820.0,0,40.69
PRJ-2022-355,Raleigh Apartment Complex - MEP,19636000,0.0,19636000.0,18741900.0,3743437.260000001,7883057.410000001,11626494.670000002,19507700,27162800.0,0,40.79
PRJ-2018-016,Houston Surgery Center - Climate Control,20272000,0.0,20272000.0,20579000.0,2891545.840000023,9104486.480000002,11996032.320000026,20143600,20565060.0,0,40.82
PRJ-2020-198,Minneapolis Elementary Campus - Climate Systems,10617000,0.0,10617000.0,11396200.0,1500558.6100000166,4776302.14,6276860.750000017,10548500,9574740.0,0,40.88
PRJ-2020-187,Las Vegas Corporate Campus - HVAC Systems,10850000,0.0,10850000.0,11184300.0,1893747.3400000334,4513808.380000001,6407555.720000034,10772500,10712180.0,0,40.94
PRJ-2018-037,Albuquerque Business Center - MEP Systems,33532000,0.0,33532000.0,36302900.0,4144708.6900000023,15659099.190000003,19803807.880000006,33327600,52609860.0,0,40.94
PRJ-2018-065,Richmond Residential Tower - HVAC Systems,10603000,0.0,10603000.0,10636400.0,1726598.5000000256,4521697.56,6248296.060000025,10527500,10833000.0,0,41.07
PRJ-2019-107,Boston Office Park - Core & Shell MEP,16925000,0.0,16925000.0,17423400.0,3051377.740000022,6910196.440000002,9961574.180000024,16812800,21511670.0,0,41.14
PRJ-2019-147,Oklahoma City Office Park - Core & Shell MEP,18067000,0.0,18067000.0,20144700.0,2523663.760000026,8100629.3100000005,10624293.070000026,17939600,17841950.0,0,41.2
PRJ-2022-368,Tampa Elementary Campus - Climate Systems,12855000,0.0,12855000.0,11800100.0,2105247.380000043,5452298.190000002,7557545.570000045,12779100,13118290.0,0,41.21
PRJ-2020-223,Atlanta High School - New Construction,7827000,0.0,7827000.0,7754100.0,1401301.730000012,3199795.180000001,4601096.910000013,7781000,5865970.0,0,41.22
PRJ-2018-059,Atlanta Data Center - Precision Cooling Systems,13417000,0.0,13417000.0,12899900.0,2707105.270000023,5177799.949999999,7884905.220000022,13323600,14046270.0,0,41.23
PRJ-2020-229,Denver Colocation Facility - HVAC,7202000,0.0,7202000.0,7338600.0,1291606.8600000073,2920387.5200000014,4211994.380000008,7149800,5585010.0,0,41.52
PRJ-2018-015,Minneapolis Mixed-Income Housing - Climate Control,22510000,0.0,22510000.0,24682000.0,2878955.260000025,10278685.880000003,13157641.140000027,22370800,22895860.0,0,41.55
PRJ-2020-189,Salt Lake City Colocation Facility - HVAC,25784000,0.0,25784000.0,26047400.0,3795244.1800000104,11273868.290000003,15069112.470000014,25627000,35865840.0,0,41.56
PRJ-2019-150,Oklahoma City Mixed-Income Housing - Climate Control,26488000,0.0,26488000.0,25394100.0,3025999.66000002,12448292.03,15474291.69000002,26312900,33599840.0,0,41.58
PRJ-2021-259,Atlanta Colocation Facility - HVAC,11725000,0.0,11725000.0,10770200.0,1922360.6300000385,4895386.789999999,6817747.420000037,11644900,12307090.0,0,41.85
PRJ-2018-003,Las Vegas Elementary Campus - Climate Systems,11837000,0.0,11837000.0,12731200.0,1751514.5600000296,5128479.36,6879993.92000003,11765500,12095370.0,0,41.88
PRJ-2021-282,Louisville Corporate Campus - HVAC Systems,20659000,0.0,20659000.0,20302400.0,3066817.3700000173,8923954.49,11990771.860000018,20522200,26117920.0,0,41.96
PRJ-2020-209,Phoenix Cloud Campus Phase 1 - Cooling,13910000,0.0,13910000.0,14929900.0,2218000.4400000437,5840430.69,8058431.130000044,13827800,17689080.0,0,42.07
PRJ-2022-377,Louisville Corporate Campus - HVAC Systems,8864000,0.0,8864000.0,9434900.0,1211387.020000002,3916861.5199999996,5128248.540000002,8797200,6343500.0,0,42.15
PRJ-2018-031,Kansas City Surgery Center - Climate Control,40498000,0.0,40498000.0,41066500.0,3026545.120000026,20380766.03,23407311.15000003,40227400,51172990.0,0,42.2
PRJ-2018-005,Phoenix Senior Living - HVAC Upgrade,7700000,0.0,7700000.0,7440700.0,1095348.349999998,3349216.83,4444565.179999998,7639600,5051160.0,0,42.28
PRJ-2021-263,Phoenix Elementary Campus - Climate Systems,9504000,0.0,9504000.0,8844700.0,1193665.2000000025,4292165.649999999,5485830.8500000015,9427600,6804280.0,0,42.28
PRJ-2022-346,Columbus Hospital - Mechanical Systems Renovation,23652000,0.0,23652000.0,22533800.0,4290357.549999987,9354673.98,13645031.529999986,23501900,37082450.0,0,42.31
PRJ-2022-335,Louisville Mixed-Income Housing - Climate Control,12951000,0.0,12951000.0,13489000.0,1829434.6200000318,5639602.920000001,7469037.540000033,12867000,12791480.0,0,42.33
PRJ-2020-179,Louisville Edge Data Center - Thermal Management,22670000,0.0,22670000.0,21372300.0,3905897.850000003,9165991.19,13071889.040000003,22532800,30588030.0,0,42.34
PRJ-2021-302,Pittsburgh Mixed-Use Tower - Mechanical,10296000,0.0,10296000.0,11114700.0,1184523.1700000016,4738844.560000001,5923367.730000003,10221200,7386110.0,0,42.47
PRJ-2018-004,Houston Data Center - Precision Cooling Systems,11221000,0.0,11221000.0,11533100.0,1801300.7300000275,4652851.730000003,6454152.460000031,11143200,11097650.0,0,42.48
PRJ-2022-333,Chicago High School - New Construction,13567000,0.0,13567000.0,12787500.0,2157313.920000042,5635986.74,7793300.660000042,13461500,17061070.0,0,42.56
PRJ-2018-076,Pittsburgh Surgery Center - Climate Control,16224000,0.0,16224000.0,16781000.0,2161405.4200000456,7122427.529999998,9283832.950000044,16121600,20646840.0,0,42.78
PRJ-2022-329,Pittsburgh Cloud Campus Phase 1 - Cooling,22622000,0.0,22622000.0,21806000.0,2822140.180000029,10070121.169999996,12892261.350000026,22489700,22993850.0,0,43.01
PRJ-2019-129,Boston Colocation Facility - HVAC,14922000,0.0,14922000.0,15278200.0,1765811.670000029,6735222.98,8501034.65000003,14818000,15285710.0,0,43.03
PRJ-2021-312,Las Vegas Mixed-Use Tower - Mechanical,12270000,0.0,12270000.0,12380300.0,1856538.0100000307,5123887.6,6980425.61000003,12192500,12186240.0,0,43.11
PRJ-2021-244,Minneapolis Colocation Facility - HVAC,13475000,0.0,13475000.0,13659200.0,1976544.9200000372,5682267.110000002,7658812.030000039,13381900,14121350.0,0,43.16
PRJ-2020-170,Minneapolis Residential Tower - HVAC Systems,4816000,0.0,4816000.0,4889900.0,643085.1699999998,2090244.9100000006,2733330.0800000005,4781200,1983860.0,0,43.24
PRJ-2018-040,Sacramento Mixed-Income Housing - Climate Control,20326000,0.0,20326000.0,18704800.0,2691658.0000000247,8842785.909999996,11534443.91000002,20185900,21338560.0,0,43.25
PRJ-2024-002,Riverside Office Tower - Core & Shell MEP,30260000,0.0,30260000.0,32847900.0,3584194.560000017,13581977.989999998,17166172.550000016,30075400,40171700.0,0,43.27
PRJ-2022-373,Las Vegas Elementary Campus - Climate Systems,7091000,0.0,7091000.0,7394000.0,1089744.109999998,2931511.3199999994,4021255.4299999974,7039400,4663950.0,0,43.29
PRJ-2021-266,Salt Lake City Surgery Center - Climate Control,14520000,0.0,14520000.0,14694400.0,1734271.650000029,6483729.34,8218000.990000029,14421000,14863150.0,0,43.4
PRJ-2020-202,Salt Lake City Corporate Campus - HVAC Systems,27217000,0.0,27217000.0,25099200.0,3993433.30000001,11383361.310000004,15376794.610000014,27043300,43670970.0,0,43.5
PRJ-2020-192,Houston Corporate Campus - HVAC Systems,16402000,0.0,16402000.0,18180800.0,1890768.5700000355,7374579.210000003,9265347.780000038,16296800,17256950.0,0,43.51
PRJ-2019-096,Portland Regional Medical Center - HVAC Upgrade,9588000,0.0,9588000.0,9279900.0,1220889.400000004,4189676.99,5410566.390000004,9515700,6868860.0,0,43.57
PRJ-2020-238,Nashville Middle School - HVAC Systems,9628000,0.0,9628000.0,9416200.0,1421182.7699999965,4009757.58,5430940.349999997,9570000,7186350.0,0,43.59
PRJ-2019-136,Salt Lake City Medical Campus - New HVAC Installation,8264000,0.0,8264000.0,8949400.0,1088900.8399999978,3563807.5199999996,4652708.359999998,8200500,5409310.0,0,43.7
PRJ-2019-092,Raleigh Corporate Campus - HVAC Systems,13785000,0.0,13785000.0,13402500.0,1519507.6900000193,6237904.739999997,7757412.4300000165,13685000,12400620.0,0,43.73
PRJ-2019-146,Denver Hospital - Mechanical Systems Renovation,7959000,0.0,7959000.0,7950000.0,1044898.3399999932,3425845.4900000007,4470743.829999994,7895000,5195970.0,0,43.83
PRJ-2020-215,Phoenix Residential Tower - HVAC Systems,25173000,0.0,25173000.0,25522100.0,2981241.1600000197,11059990.099999998,14041231.260000017,25024200,32159720.0,0,44.22
PRJ-2019-109,Portland Colocation Facility - HVAC,14103000,0.0,14103000.0,14557000.0,1751773.7500000277,6112806.230000001,7864579.980000029,14003800,14431750.0,0,44.23
PRJ-2023-400,Columbus Apartment Complex - MEP,9928000,0.0,9928000.0,9609500.0,1252908.7900000077,4271961.79,5524870.5800000075,9857500,7718430.0,0,44.35
PRJ-2022-327,Salt Lake City Office Park - Core & Shell MEP,29520000,0.0,29520000.0,31293300.0,4074061.940000006,12348558.650000002,16422620.590000007,29317400,47067020.0,0,44.37
PRJ-2018-028,Louisville Elementary Campus - Climate Systems,10351000,0.0,10351000.0,9924300.0,1413443.560000014,4344682.469999999,5758126.030000012,10282500,7684570.0,0,44.37
PRJ-2022-361,Salt Lake City Hospital - Mechanical Systems Renovation,12912000,0.0,12912000.0,12397200.0,1853248.8200000343,5319029.279999999,7172278.100000033,12824500,12870560.0,0,44.45
PRJ-2018-047,Oklahoma City Office Park - Core & Shell MEP,12546000,0.0,12546000.0,13114300.0,1432193.900000015,5529571.290000001,6961765.190000016,12464100,9322440.0,0,44.51
PRJ-2018-058,Boston Middle School - HVAC Systems,5584000,0.0,5584000.0,5824500.0,623484.8299999997,2467290.26,3090775.0899999994,5542600,2291030.0,0,44.65
PRJ-2019-133,Oklahoma City Elementary Campus - Climate Systems,8572000,0.0,8572000.0,9269700.0,1178608.9200000009,3547191.1499999994,4725800.07,8507600,6154840.0,0,44.87
PRJ-2019-137,Kansas City Office Park - Core & Shell MEP,28675000,0.0,28675000.0,31791200.0,2688846.830000038,13104358.68,15793205.510000037,28487700,30104640.0,0,44.92
PRJ-2019-105,Raleigh Mixed-Income Housing - Climate Control,14305000,0.0,14305000.0,15946100.0,864421.9999999959,6995682.629999999,7860104.629999995,14194900,7593290.0,0,45.05
PRJ-2018-038,Columbus Unified School District - HVAC Modernization,10084000,0.0,10084000.0,10804400.0,1189964.760000004,4351529.179999999,5541493.940000003,10013100,7242690.0,0,45.05
PRJ-2018-014,Indianapolis Cloud Campus Phase 1 - Cooling,11702000,0.0,11702000.0,12647800.0,1522354.6300000201,4903810.789999998,6426165.420000019,11611600,10512860.0,0,45.08
PRJ-2019-093,Baltimore Middle School - HVAC Systems,10135000,0.0,10135000.0,10050900.0,1262338.0400000082,4297976.450000001,5560314.49000001,10065300,6932460.0,0,45.14
PRJ-2018-080,Raleigh Senior Living - HVAC Upgrade,21159000,0.0,21159000.0,22950600.0,2242931.5500000343,9365280.419999998,11608211.970000032,21015000,20340380.0,0,45.14
PRJ-2018-079,Baltimore Colocation Facility - HVAC,16064000,0.0,16064000.0,16790100.0,1898404.6700000355,6910706.2700000005,8809110.940000037,15943000,15835820.0,0,45.16
PRJ-2020-178,Houston High School - New Construction,13653000,0.0,13653000.0,13185600.0,1223787.7200000023,6262291.840000001,7486079.560000003,13548500,9761660.0,0,45.17
PRJ-2021-249,Cincinnati Edge Data Center - Thermal Management,22257000,0.0,22257000.0,24013000.0,2885223.490000019,9310578.730000002,12195802.220000021,22118400,22558050.0,0,45.2
PRJ-2021-287,Minneapolis Corporate Campus - HVAC Systems,9202000,0.0,9202000.0,8471200.0,1090014.0299999989,3950247.980000001,5040262.01,9128200,6010800.0,0,45.23
PRJ-2021-274,Kansas City Colocation Facility - HVAC,14505000,0.0,14505000.0,14801500.0,1973520.800000039,5947505.669999999,7921026.470000038,14403300,15229090.0,0,45.39
PRJ-2022-380,Portland Mixed-Income Housing - Climate Control,17710000,0.0,17710000.0,17398300.0,2137958.500000042,7507154.160000002,9645112.660000045,17594200,17950850.0,0,45.54
PRJ-2018-035,Indianapolis Apartment Complex - MEP,11962000,0.0,11962000.0,12295000.0,1318483.530000007,5188360.699999999,6506844.230000006,11876100,9315090.0,0,45.6
PRJ-2022-345,Indianapolis Apartment Complex - MEP,20889000,0.0,20889000.0,20497300.0,2598379.4900000244,8746013.130000003,11344392.620000027,20735100,20581710.0,0,45.69
PRJ-2022-369,Louisville Edge Data Center - Thermal Management,16822000,0.0,16822000.0,17302200.0,1620235.3900000248,7514846.810000001,9135082.200000025,16703600,16210970.0,0,45.7
PRJ-2022-354,Las Vegas Colocation Facility - HVAC,11352000,0.0,11352000.0,10877300.0,1166716.3700000017,4997567.650000002,6164284.020000004,11265900,8141730.0,0,45.7
PRJ-2018-069,Boston Colocation Facility - HVAC,15603000,0.0,15603000.0,16352900.0,1394938.5500000115,7073829.669999998,8468768.22000001,15508700,11654000.0,0,45.72
PRJ-2019-099,San Antonio Colocation Facility - HVAC,10701000,0.0,10701000.0,10424500.0,1328511.0000000098,4475612.710000001,5804123.71000001,10626200,8365000.0,0,45.76
PRJ-2020-169,Portland Colocation Facility - HVAC,10657000,0.0,10657000.0,11202900.0,1095366.8099999977,4662776.03,5758142.839999998,10566500,6940910.0,0,45.97
PRJ-2019-082,Raleigh Business Center - MEP Systems,41115000,0.0,41115000.0,44135700.0,3459061.780000022,18733970.890000004,22193032.670000028,40856900,55930010.0,0,46.02
PRJ-2020-224,San Antonio Edge Data Center - Thermal Management,17418000,0.0,17418000.0,18234000.0,1602547.57000002,7794077.070000001,9396624.640000021,17309200,16759910.0,0,46.05
PRJ-2020-177,Atlanta Corporate Campus - HVAC Systems,11218000,0.0,11218000.0,10985700.0,1159583.1799999997,4892333.0600000005,6051916.24,11131700,8034630.0,0,46.05
PRJ-2018-032,Sacramento Office Park - Core & Shell MEP,23117000,0.0,23117000.0,24076300.0,2240400.1200000355,10226295.26,12466695.380000036,22937300,22126200.0,0,46.07
PRJ-2018-066,Portland Regional Medical Center - HVAC Upgrade,19638000,0.0,19638000.0,20476000.0,2065310.410000046,8523319.9,10588630.310000047,19502100,19838590.0,0,46.08
PRJ-2019-119,Albuquerque Data Center - Precision Cooling Systems,19776000,0.0,19776000.0,19927800.0,1975113.8900000388,8688201.12,10663315.010000039,19638700,20800040.0,0,46.08
PRJ-2023-384,Minneapolis Colocation Facility - HVAC,16654000,0.0,16654000.0,16675300.0,2067199.6100000383,6910146.479999999,8977346.090000037,16524900,14898880.0,0,46.09
PRJ-2018-070,Portland Senior Living - HVAC Upgrade,14309000,0.0,14309000.0,15418100.0,1567134.7300000177,6144163.53,7711298.260000018,14211600,12827820.0,0,46.11
PRJ-2019-121,Columbus Surgery Center - Climate Control,47765000,0.0,47765000.0,46824600.0,4083012.5200000126,21651228.009999994,25734240.53000001,47466600,76536560.0,0,46.12
PRJ-2020-168,Cincinnati High School - New Construction,7650000,0.0,7650000.0,7966000.0,766306.2799999986,3353569.3100000005,4119875.589999999,7586700,3599500.0,0,46.15
PRJ-2019-127,Phoenix Mixed-Use Tower - Mechanical,12380000,0.0,12380000.0,12707200.0,1094642.0199999968,5555655.880000001,6650297.899999998,12278000,8087470.0,0,46.28
PRJ-2021-290,Phoenix Mixed-Income Housing - Climate Control,17033000,0.0,17033000.0,18288300.0,2084344.8300000385,7053275.089999998,9137619.920000037,16897900,15285370.0,0,46.35
PRJ-2021-241,Portland Hospital - Mechanical Systems Renovation,21326000,0.0,21326000.0,21165900.0,2094146.0400000447,9341482.069999998,11435628.110000044,21190400,21627160.0,0,46.38
PRJ-2019-102,Indianapolis Business Center - MEP Systems,42813000,0.0,42813000.0,45687300.0,3656739.7200000104,19290892.289999995,22947632.010000005,42520100,56700280.0,0,46.4
PRJ-2019-159,Albuquerque Data Center - Precision Cooling Systems,18511000,0.0,18511000.0,17685700.0,1929201.790000033,7991635.2299999995,9920837.020000033,18388000,19456710.0,0,46.41
PRJ-2024-004,Summit Data Center - Phase 2 Expansion,16340000,0.0,16340000.0,16487300.0,1534370.3500000166,7219525.3500000015,8753895.700000018,16205800,10652020.0,0,46.43
PRJ-2022-357,Chicago Corporate Campus - HVAC Systems,12804000,0.0,12804000.0,12212400.0,1193204.1000000022,5664929.819999998,6858133.920000001,12701400,9176650.0,0,46.44
PRJ-2019-114,Tampa Colocation Facility - HVAC,21934000,0.0,21934000.0,20422600.0,1969485.3200000406,9759516.040000001,11729001.360000042,21794400,23063830.0,0,46.53
PRJ-2020-219,Denver Cloud Campus Phase 1 - Cooling,26976000,0.0,26976000.0,27360800.0,2100086.710000043,12300153.96,14400240.670000043,26803900,27356340.0,0,46.62
PRJ-2018-073,Minneapolis Middle School - HVAC Systems,5550000,0.0,5550000.0,5668300.0,658040.8599999989,2303791.27,2961832.129999999,5505200,2287450.0,0,46.63
PRJ-2018-072,Richmond Corporate Campus - HVAC Systems,17167000,0.0,17167000.0,17541400.0,829814.4699999986,8323442.210000004,9153256.680000002,17023900,9106570.0,0,46.68
PRJ-2020-199,Cincinnati Data Center - Precision Cooling Systems,17456000,0.0,17456000.0,18183700.0,1682671.1800000244,7608452.75,9291123.930000024,17352200,17852030.0,0,46.77
PRJ-2021-252,Raleigh Office Park - Core & Shell MEP,16141000,0.0,16141000.0,17751800.0,1305302.5300000082,7273198.310000001,8578500.84000001,16034200,12566400.0,0,46.85
PRJ-2018-033,Pittsburgh Middle School - HVAC Systems,12190000,0.0,12190000.0,12291800.0,1684395.3000000261,4793342.55,6477737.850000026,12106700,11758270.0,0,46.86
PRJ-2019-086,Louisville Regional Medical Center - HVAC Upgrade,16463000,0.0,16463000.0,16996300.0,1660021.6200000236,7085268.0699999975,8745289.690000022,16349700,15805130.0,0,46.88
PRJ-2021-277,Houston Business Center - MEP Systems,11417000,0.0,11417000.0,10896300.0,910688.7899999965,5152762.1,6063450.889999996,11330400,6068710.0,0,46.89
PRJ-2022-344,Las Vegas Cloud Campus Phase 1 - Cooling,14429000,0.0,14429000.0,14674900.0,1318391.930000006,6338594.79,7656986.720000006,14324800,11240370.0,0,46.93
PRJ-2019-151,Albuquerque Surgery Center - Climate Control,29676000,0.0,29676000.0,30602800.0,2209456.420000046,13519865.119999997,15729321.540000044,29489000,37545260.0,0,47.0
PRJ-2020-227,Phoenix Mixed-Use Tower - Mechanical,27835000,0.0,27835000.0,27250400.0,2367006.520000033,12379713.23,14746719.750000034,27642400,28481510.0,0,47.02
PRJ-2020-175,Baltimore Senior Living - HVAC Upgrade,21782000,0.0,21782000.0,21516300.0,1638902.6600000262,9864508.230000002,11503410.890000029,21617900,20818580.0,0,47.19
PRJ-2020-196,Baltimore Surgery Center - Climate Control,35312000,0.0,35312000.0,34991900.0,3202449.8100000094,15395311.360000003,18597761.170000013,35071200,46998470.0,0,47.33
PRJ-2022-364,Baltimore Edge Data Center - Thermal Management,17834000,0.0,17834000.0,18758800.0,1504827.9200000167,7886902.090000001,9391730.010000017,17705700,16021780.0,0,47.34
PRJ-2023-392,Las Vegas Corporate Campus - HVAC Systems,9070000,0.0,9070000.0,9740000.0,868685.0599999975,3893722.9,4762407.959999997,8992200,4817790.0,0,47.49
PRJ-2021-307,Columbus Mixed-Use Tower - Mechanical,31171000,0.0,31171000.0,31916900.0,2529360.4500000286,13818518.49,16347878.94000003,30962300,30884280.0,0,47.55
PRJ-2018-042,Columbus Office Park - Core & Shell MEP,15625000,0.0,15625000.0,16013200.0,1429694.3800000164,6762014.339999999,8191708.720000016,15520500,11579000.0,0,47.57
PRJ-2020-214,Raleigh Edge Data Center - Thermal Management,12266000,0.0,12266000.0,11619900.0,1241345.2800000042,5190177.820000002,6431523.100000006,12160200,8770320.0,0,47.57
PRJ-2018-002,Louisville Office Park - Core & Shell MEP,29163000,0.0,29163000.0,29622100.0,2679076.6000000276,12583906.879999997,15262983.480000025,28945000,30482060.0,0,47.66
PRJ-2022-356,Denver Surgery Center - Climate Control,30571000,0.0,30571000.0,31255400.0,3140016.4900000156,12850523.65,15990540.140000015,30358400,37507990.0,0,47.69
PRJ-2022-349,Boston Data Center - Precision Cooling Systems,22985000,0.0,22985000.0,22503200.0,1955131.0600000357,10011832.760000004,11966963.82000004,22838100,24275790.0,0,47.94
PRJ-2020-236,Denver Regional Medical Center - HVAC Upgrade,12168000,0.0,12168000.0,12403700.0,1120738.629999999,5209713.84,6330452.469999999,12071700,7956690.0,0,47.97
PRJ-2021-255,Louisville Apartment Complex - MEP,10826000,0.0,10826000.0,10173300.0,1112060.9399999988,4513754.34,5625815.279999998,10746400,7087820.0,0,48.03
PRJ-2020-234,Pittsburgh Cloud Campus Phase 1 - Cooling,18348000,0.0,18348000.0,18567700.0,1315172.2800000082,8206695.419999999,9521867.700000007,18210200,12475340.0,0,48.1
PRJ-2019-135,Minneapolis Mixed-Income Housing - Climate Control,17311000,0.0,17311000.0,18219300.0,1406692.8400000117,7574242.469999996,8980935.310000008,17205800,12938970.0,0,48.12
PRJ-2021-251,Raleigh Surgery Center - Climate Control,37123000,0.0,37123000.0,34123900.0,3254276.4600000107,15987069.039999995,19241345.500000007,36898000,46087810.0,0,48.17
PRJ-2019-081,Indianapolis Surgery Center - Climate Control,52999000,0.0,52999000.0,54044600.0,3957554.7900000033,23506396.67,27463951.460000005,52698400,71499750.0,0,48.18
PRJ-2018-010,San Antonio Mixed-Income Housing - Climate Control,12617000,0.0,12617000.0,12070100.0,900354.6399999968,5633774.6899999995,6534129.329999996,12518600,6700260.0,0,48.21
PRJ-2020-212,Oklahoma City Corporate Campus - HVAC Systems,31617000,0.0,31617000.0,33123500.0,3592841.750000003,12755682.73,16348524.480000004,31408300,41774960.0,0,48.29
PRJ-2019-126,Cincinnati Surgery Center - Climate Control,42999000,0.0,42999000.0,40548700.0,3054055.760000022,19168983.06,22223038.820000023,42722900,54548900.0,0,48.32
PRJ-2022-365,Richmond Apartment Complex - MEP,20406000,0.0,20406000.0,21013800.0,1428967.3600000162,9085541.42,10514508.780000016,20279400,15193630.0,0,48.47
PRJ-2022-376,Columbus Regional Medical Center - HVAC Upgrade,36501000,0.0,36501000.0,35361500.0,3579305.1000000117,15210599.610000003,18789904.710000016,36253900,48210950.0,0,48.52
PRJ-2020-206,Pittsburgh Medical Campus - New HVAC Installation,19628000,0.0,19628000.0,20430600.0,1853781.650000033,8213983.930000003,10067765.580000035,19496700,19467200.0,0,48.71
PRJ-2023-386,Sacramento Regional Medical Center - HVAC Upgrade,14714000,0.0,14714000.0,13847700.0,1318175.6800000076,6219878.680000001,7538054.360000009,14613200,11506740.0,0,48.77
PRJ-2021-300,Minneapolis Senior Living - HVAC Upgrade,12081000,0.0,12081000.0,12843300.0,987379.7999999949,5184877.639999999,6172257.439999994,11970400,7124060.0,0,48.91
PRJ-2019-094,Atlanta Data Center - Precision Cooling Systems,21983000,0.0,21983000.0,23150800.0,1427166.7500000144,9799886.860000003,11227053.610000018,21854500,16361960.0,0,48.93
PRJ-2022-337,Oklahoma City Corporate Campus - HVAC Systems,24013000,0.0,24013000.0,24060200.0,1746564.4600000277,10508846.569999997,12255411.030000024,23843100,24539690.0,0,48.96
PRJ-2023-394,Pittsburgh Edge Data Center - Thermal Management,11747000,0.0,11747000.0,11646900.0,1059873.7499999944,4907069.1099999985,5966942.859999993,11655700,7684790.0,0,49.2
PRJ-2019-149,Boston Data Center - Precision Cooling Systems,21493000,0.0,21493000.0,22213200.0,2158678.070000039,8760001.66,10918679.73000004,21350300,27321340.0,0,49.2
PRJ-2021-271,Atlanta Regional Medical Center - HVAC Upgrade,37774000,0.0,37774000.0,34913400.0,3059454.130000021,16123137.899999999,19182592.03000002,37524700,47741170.0,0,49.22
PRJ-2022-359,Kansas City Cloud Campus Phase 1 - Cooling,8202000,0.0,8202000.0,7892400.0,759150.3399999981,3395724.7800000007,4154875.1199999987,8126300,3859060.0,0,49.34
PRJ-2022-378,Raleigh Elementary Campus - Climate Systems,9195000,0.0,9195000.0,9677500.0,649392.9199999989,4003041.069999999,4652433.989999997,9129400,3784350.0,0,49.4
PRJ-2018-060,Boston Apartment Complex - MEP,12239000,0.0,12239000.0,12220700.0,947925.4599999954,5242988.79,6190914.249999995,12148300,7266490.0,0,49.42
PRJ-2023-397,Sacramento Corporate Campus - HVAC Systems,24152000,0.0,24152000.0,23206300.0,1943714.970000038,10267673.93,12211388.900000038,24004100,25474910.0,0,49.44
PRJ-2022-347,Raleigh Corporate Campus - HVAC Systems,27076000,0.0,27076000.0,27825700.0,1762197.960000028,11912466.319999995,13674664.280000024,26875600,27575250.0,0,49.5
PRJ-2020-171,Las Vegas Surgery Center - Climate Control,5525000,0.0,5525000.0,5280100.0,652180.6399999994,2137299.43,2789480.0699999994,5483200,2282800.0,0,49.51
PRJ-2019-141,Richmond Medical Campus - New HVAC Installation,37483000,0.0,37483000.0,36482300.0,2039336.0100000438,16825475.200000003,18864811.210000046,37242600,38042200.0,0,49.67
PRJ-2020-161,Phoenix Regional Medical Center - HVAC Upgrade,58874000,0.0,58874000.0,59610500.0,3439411.900000009,26157104.950000003,29596516.850000013,58488700,79977320.0,0,49.73
PRJ-2020-176,Chicago Regional Medical Center - HVAC Upgrade,29701000,0.0,29701000.0,31196500.0,1994725.9700000354,12933292.08,14928018.050000036,29496000,31118430.0,0,49.74
PRJ-2018-009,Houston Edge Data Center - Thermal Management,14845000,0.0,14845000.0,14545300.0,1326554.0100000082,6127472.31,7454026.320000008,14739200,11587080.0,0,49.79
PRJ-2020-239,Nashville Edge Data Center - Thermal Management,25204000,0.0,25204000.0,25594600.0,2122398.8200000376,10529452.64,12651851.460000038,24992900,22546050.0,0,49.8
PRJ-2022-336,Cincinnati Medical Campus - New HVAC Installation,19661000,0.0,19661000.0,20327000.0,1402228.7400000133,8454372.969999999,9856601.710000012,19536000,14582010.0,0,49.87
PRJ-2020-210,Boston Apartment Complex - MEP,15485000,0.0,15485000.0,15841400.0,1085284.409999997,6665836.320000002,7751120.729999999,15363300,10120540.0,0,49.94
PRJ-2018-022,Tampa Office Park - Core & Shell MEP,33663000,0.0,33663000.0,33156300.0,2241230.9100000365,14584040.840000004,16825271.75000004,33459400,32439300.0,0,50.02
PRJ-2018-021,San Antonio Surgery Center - Climate Control,53167000,0.0,53167000.0,53197600.0,3732954.6600000067,22808826.19,26541780.85000001,52849500,73813130.0,0,50.08
PRJ-2021-296,Richmond Hospital - Mechanical Systems Renovation,41720000,0.0,41720000.0,43565500.0,2192659.1800000444,18562646.49,20755305.670000043,41445000,52830690.0,0,50.25
PRJ-2024-001,Mercy General Hospital - HVAC Modernization,35194000,0.0,35194000.0,34521200.0,2755206.250000024,14739744.019999994,17494950.27000002,34955400,36919060.0,0,50.29
PRJ-2021-291,Columbus Hospital - Mechanical Systems Renovation,26365000,0.0,26365000.0,28154700.0,2700798.4700000277,10387673.170000002,13088471.64000003,26172700,27573160.0,0,50.36
PRJ-2021-310,Las Vegas Senior Living - HVAC Upgrade,22291000,0.0,22291000.0,22021800.0,1258807.5900000047,9790589.819999998,11049397.410000004,22123000,17346050.0,0,50.43
PRJ-2019-116,Minneapolis Regional Medical Center - HVAC Upgrade,30690000,0.0,30690000.0,29991400.0,1188405.7600000014,14022832.330000004,15211238.090000005,30475400,22163670.0,0,50.44
PRJ-2020-204,Sacramento Edge Data Center - Thermal Management,22017000,0.0,22017000.0,22319400.0,1382817.3700000118,9520741.06,10903558.430000013,21879800,16388520.0,0,50.48
PRJ-2021-262,Richmond Office Park - Core & Shell MEP,25551000,0.0,25551000.0,25791000.0,1498108.1700000176,11152880.479999999,12650988.650000017,25364300,22920250.0,0,50.49
PRJ-2018-024,Raleigh Edge Data Center - Thermal Management,20604000,0.0,20604000.0,22084500.0,1491928.340000018,8709924.470000003,10201852.810000021,20454900,18558390.0,0,50.49
PRJ-2021-297,Kansas City Business Center - MEP Systems,30058000,0.0,30058000.0,32707800.0,1196602.9600000035,13640987.669999998,14837590.63,29819800,21524130.0,0,50.64
PRJ-2019-115,Phoenix Senior Living - HVAC Upgrade,25864000,0.0,25864000.0,26607500.0,2260548.500000035,10432746.520000001,12693295.020000037,25668700,24918790.0,0,50.92
PRJ-2018-071,Atlanta Regional Medical Center - HVAC Upgrade,28100000,0.0,28100000.0,29397500.0,2100594.9900000338,11684280.750000004,13784875.740000037,27903800,25333940.0,0,50.94
PRJ-2021-247,Columbus Business Center - MEP Systems,16914000,0.0,16914000.0,15824400.0,1189081.6500000006,7098307.19,8287388.840000001,16776100,12079580.0,0,51.0
PRJ-2021-276,Columbus Regional Medical Center - HVAC Upgrade,39364000,0.0,39364000.0,43891500.0,2192338.190000043,17088630.409999996,19280968.60000004,39079500,49694350.0,0,51.02
PRJ-2018-041,San Antonio Regional Medical Center - HVAC Upgrade,40791000,0.0,40791000.0,40758400.0,1299294.3200000075,18677751.849999987,19977046.169999994,40499100,31614000.0,0,51.03
PRJ-2020-186,Atlanta Medical Campus - New HVAC Installation,27278000,0.0,27278000.0,28003300.0,1533804.77000002,11802669.190000003,13336473.960000023,27092300,24614940.0,0,51.11
PRJ-2019-104,Atlanta Edge Data Center - Thermal Management,14396000,0.0,14396000.0,15640300.0,1111746.3999999997,5909165.35,7020911.749999999,14265200,9405430.0,0,51.23
PRJ-2022-340,San Antonio Senior Living - HVAC Upgrade,21923000,0.0,21923000.0,22019800.0,1274959.730000008,9399523.069999998,10674482.800000006,21764800,17139280.0,0,51.31
PRJ-2020-226,Nashville Regional Medical Center - HVAC Upgrade,52146000,0.0,52146000.0,52964100.0,2260336.1900000437,23131151.95,25391488.14000004,51820700,66206980.0,0,51.31
PRJ-2021-275,Las Vegas Residential Tower - HVAC Systems,17258000,0.0,17258000.0,16692600.0,829294.5299999969,7550084.879999999,8379379.4099999955,17106800,9164890.0,0,51.45
PRJ-2021-281,Houston Regional Medical Center - HVAC Upgrade,43539000,0.0,43539000.0,45431500.0,1293702.3700000092,19808771.479999986,21102473.849999994,43232500,33970980.0,0,51.53
PRJ-2021-286,Chicago Hospital - Mechanical Systems Renovation,33113000,0.0,33113000.0,35080600.0,1962117.5800000394,14080891.040000005,16043008.620000044,32890900,34773910.0,0,51.55
PRJ-2018-007,Portland Corporate Campus - HVAC Systems,18587000,0.0,18587000.0,19304200.0,1110196.2499999981,7894962.550000004,9005158.8,18435100,12153480.0,0,51.55
PRJ-2023-396,Tampa Hospital - Mechanical Systems Renovation,21976000,0.0,21976000.0,22335900.0,1217246.7600000042,9384689.319999997,10601936.08,21792300,15686990.0,0,51.76
PRJ-2021-261,Raleigh Medical Campus - New HVAC Installation,24629000,0.0,24629000.0,24755500.0,1096990.1499999978,10782519.879999999,11879510.029999997,24431600,16077070.0,0,51.77
PRJ-2019-117,Atlanta Mixed-Use Tower - Mechanical,23416000,0.0,23416000.0,24929400.0,1175096.0200000033,10096363.01,11271459.030000003,23242700,16833570.0,0,51.86
PRJ-2018-056,Boston Medical Campus - New HVAC Installation,36355000,0.0,36355000.0,33495800.0,1953234.7100000363,15452423.470000003,17405658.180000037,36121600,38273850.0,0,52.12
PRJ-2018-001,Minneapolis Hospital - Mechanical Systems Renovation,38264000,0.0,38264000.0,41034800.0,1428002.4300000144,16885860.85,18313863.280000016,38022400,28360650.0,0,52.14
PRJ-2020-181,Oklahoma City Medical Campus - New HVAC Installation,37213000,0.0,37213000.0,40995600.0,1854872.1200000334,15847909.969999999,17702782.090000033,36952500,36744400.0,0,52.43
PRJ-2018-011,Albuquerque Hospital - Mechanical Systems Renovation,45289000,0.0,45289000.0,45141900.0,1409189.8500000122,20113100.43999999,21522290.290000003,45002700,38113020.0,0,52.48
PRJ-2021-256,Minneapolis Surgery Center - Climate Control,27189000,0.0,27189000.0,27425400.0,1620465.8800000208,11286508.239999996,12906974.120000018,26986100,26104690.0,0,52.53
PRJ-2021-306,Raleigh Regional Medical Center - HVAC Upgrade,38835000,0.0,38835000.0,39130600.0,2195103.5600000415,16221304.599999998,18416408.16000004,38576500,49341440.0,0,52.58
PRJ-2018-061,Las Vegas Hospital - Mechanical Systems Renovation,36618000,0.0,36618000.0,37804400.0,1856957.5200000342,15448755.420000002,17305712.940000035,36356500,36184850.0,0,52.74
PRJ-2020-201,Raleigh Regional Medical Center - HVAC Upgrade,43769000,0.0,43769000.0,47502100.0,2524373.2700000377,18154097.01,20678470.28000004,43453300,43388240.0,0,52.76
PRJ-2019-131,Cincinnati Hospital - Mechanical Systems Renovation,44330000,0.0,44330000.0,42494500.0,3159829.630000014,17772061.35,20931890.980000015,44030700,54963700.0,0,52.78
PRJ-2022-321,Cincinnati Regional Medical Center - HVAC Upgrade,27273000,0.0,27273000.0,26499800.0,1499621.3900000178,11363290.48,12862911.870000018,27079700,24536040.0,0,52.84
PRJ-2022-362,Houston Business Center - MEP Systems,25395000,0.0,25395000.0,24800800.0,1528389.72000002,10436980.969999999,11965370.690000018,25221200,22931620.0,0,52.88
PRJ-2020-194,Salt Lake City Data Center - Precision Cooling Systems,19531000,0.0,19531000.0,20269800.0,1102735.129999997,8074294.439999999,9177029.569999997,19377200,12788170.0,0,53.01
PRJ-2020-216,Kansas City Surgery Center - Climate Control,50756000,0.0,50756000.0,49868300.0,1906008.650000036,21863761.989999995,23769770.64000003,50433500,53352980.0,0,53.17
PRJ-2018-036,Pittsburgh Medical Campus - New HVAC Installation,30618000,0.0,30618000.0,30123500.0,1529207.0100000184,12795009.35,14324216.360000018,30397700,27558050.0,0,53.22
PRJ-2018-017,San Antonio Business Center - MEP Systems,19383000,0.0,19383000.0,20223500.0,1104146.039999997,7888240.659999997,8992386.699999994,19227900,12699690.0,0,53.61
PRJ-2019-106,Raleigh Regional Medical Center - HVAC Upgrade,50158000,0.0,50158000.0,48927600.0,1220389.5600000024,22027393.68,23247783.240000002,49763900,35935380.0,0,53.65
PRJ-2022-371,Albuquerque Hospital - Mechanical Systems Renovation,43335000,0.0,43335000.0,43097900.0,1188430.960000003,18856012.870000005,20044443.83000001,43020400,31086740.0,0,53.75
PRJ-2020-162,Denver Corporate Campus - HVAC Systems,29697000,0.0,29697000.0,30557000.0,845176.2999999969,12858056.660000004,13703232.96,29454800,15877020.0,0,53.86
PRJ-2020-211,Las Vegas Regional Medical Center - HVAC Upgrade,39163000,0.0,39163000.0,35566700.0,1679930.7100000265,16369525.060000004,18049455.77000003,38878300,39973250.0,0,53.91
PRJ-2022-341,Boston Medical Campus - New HVAC Installation,26652000,0.0,26652000.0,28088400.0,1293938.3200000094,10972156.71,12266095.03000001,26466700,20886660.0,0,53.98
PRJ-2021-316,Portland Medical Campus - New HVAC Installation,32547000,0.0,32547000.0,29524100.0,2036453.940000043,12912262.330000004,14948716.270000046,32331600,32970250.0,0,54.07
PRJ-2022-351,Atlanta Medical Campus - New HVAC Installation,26481000,0.0,26481000.0,25299600.0,1197209.960000004,10929766.94,12126976.900000004,26277400,18949400.0,0,54.2
PRJ-2020-237,Sacramento Business Center - MEP Systems,33680000,0.0,33680000.0,31870500.0,1841414.9700000323,13568973.89,15410388.860000033,33429700,33262080.0,0,54.24
PRJ-2020-166,Portland Medical Campus - New HVAC Installation,52683000,0.0,52683000.0,56557500.0,2021982.5100000387,22024977.979999997,24046960.490000036,52335200,53409860.0,0,54.36
PRJ-2023-389,Houston Edge Data Center - Thermal Management,16458000,0.0,16458000.0,16510100.0,649280.6999999995,6846691.630000001,7495972.33,16342800,6785860.0,0,54.45
PRJ-2022-342,San Antonio Business Center - MEP Systems,25975000,0.0,25975000.0,24978100.0,1111841.709999999,10709443.569999998,11821285.279999997,25765700,16961990.0,0,54.49
PRJ-2019-091,Portland Surgery Center - Climate Control,37972000,0.0,37972000.0,37100600.0,1501331.0000000158,15754129.600000003,17255460.60000002,37705400,34185750.0,0,54.56
PRJ-2021-311,Salt Lake City Regional Medical Center - HVAC Upgrade,29341000,0.0,29341000.0,30530400.0,1416810.3400000106,11845208.86,13262019.20000001,29170600,21970740.0,0,54.8
PRJ-2023-381,Pittsburgh Surgery Center - Climate Control,41186000,0.0,41186000.0,44747600.0,1630637.660000017,16963564.63,18594202.290000014,40882800,39625770.0,0,54.85
PRJ-2019-142,Louisville Business Center - MEP Systems,27982000,0.0,27982000.0,27435000.0,1152822.2699999993,11414634.45,12567456.719999999,27745300,20036410.0,0,55.09
PRJ-2022-331,Baltimore Regional Medical Center - HVAC Upgrade,41560000,0.0,41560000.0,38902000.0,1524668.4500000176,17037657.29,18562325.740000017,41299800,37387210.0,0,55.34
PRJ-2019-101,Pittsburgh Hospital - Mechanical Systems Renovation,43110000,0.0,43110000.0,44581300.0,1103949.8199999987,18065577.310000002,19169527.130000003,42769500,28226710.0,0,55.53
PRJ-2019-156,Richmond Regional Medical Center - HVAC Upgrade,36862000,0.0,36862000.0,39613700.0,1433285.7699999958,14886411.76,16319697.529999996,36625800,27469830.0,0,55.73
PRJ-2018-067,Nashville Corporate Campus - HVAC Systems,27567000,0.0,27567000.0,27803300.0,631866.9999999981,11444269.16,12076136.159999998,27337300,11333130.0,0,56.19
PRJ-2020-191,Phoenix Medical Campus - New HVAC Installation,46534000,0.0,46534000.0,44859900.0,1061105.0899999954,18718576.249999993,19779681.33999999,46120000,30330760.0,0,57.49
